<?xml version="1.0" encoding="UTF-8"?>
<project-private xmlns="http://www.netbeans.org/ns/project-private/1">
    <editor-bookmarks xmlns="http://www.netbeans.org/ns/editor-bookmarks/2" lastBookmarkId="0"/>
    <open-files xmlns="http://www.netbeans.org/ns/projectui-open-files/2">
        <group>
            <file>file:/C:/Users/34679/Desktop/PROYECTO/ProyectoValenciaExplora/src/VISTA/FXMLInicialController.java</file>
            <file>file:/C:/Users/34679/Desktop/PROYECTO/ProyectoValenciaExplora/src/DatosBDA/DetallePacks_DAO.java</file>
            <file>file:/C:/Users/34679/Desktop/PROYECTO/ProyectoValenciaExplora/src/VISTA/ProyectoValenciaExplora.java</file>
            <file>file:/C:/Users/34679/Desktop/PROYECTO/ProyectoValenciaExplora/src/MODELO/DetallePacks.java</file>
            <file>file:/C:/Users/34679/Desktop/PROYECTO/ProyectoValenciaExplora/src/VISTA/EscenaActividadesController.java</file>
            <file>file:/C:/Users/34679/Desktop/PROYECTO/ProyectoValenciaExplora/src/DatosBDA/Actividades_DAO.java</file>
            <file>file:/C:/Users/34679/Desktop/PROYECTO/ProyectoValenciaExplora/src/DatosBDA/Packs_DAO.java</file>
            <file>file:/C:/Users/34679/Desktop/PROYECTO/ProyectoValenciaExplora/src/MODELO/Packs.java</file>
            <file>file:/C:/Users/34679/Desktop/PROYECTO/ProyectoValenciaExplora/src/MODELO/Actividades.java</file>
            <file>file:/C:/Users/34679/Desktop/PROYECTO/ProyectoValenciaExplora/src/VISTA/EscenaRevisarConfirmarController.java</file>
        </group>
    </open-files>
</project-private>
